{
  "Component.js": 1673843467000,
  "manifest.json": 1699447936315,
  "model/models.js": 1673842856000,
  "controller/NetworkGraph.controller.js": 1699371159693,
  "controller/App.controller.js": 1673842856000,
  "utils/locate-reuse-libs.js": 1673842856000,
  "graph.json": 1690775039285,
  "i18n/i18n.properties": 1673842856000,
  "controller/NetworkGraph-dbg.controller.js": 1699371159693,
  "controller/NetworkGraph.controller.js.map": 1699447937194,
  "model/models-dbg.js": 1673842856000,
  "model/models.js.map": 1699447936726,
  "controller/App-dbg.controller.js": 1673842856000,
  "controller/App.controller.js.map": 1699447936726,
  "utils/locate-reuse-libs-dbg.js": 1673842856000,
  "utils/locate-reuse-libs.js.map": 1699447936775,
  "Component-dbg.js": 1673843467000,
  "Component.js.map": 1699447936735,
  "Component-preload.js": 1699447937742,
  "Component-preload.js.map": 1699447937743,
  "view/ValueHelpDialog.fragment.xml": 1691424901793,
  "view/NetworkGraph.view.xml": 1691934132927,
  "view/App.view.xml": 1676877639958,
  "css/style.css": 1678264660116,
  "index.html": 1677739932274
}