{
  "welcomeFile": "/index.html",
  "authenticationMethod": "route",
  "logout": {
    "logoutEndpoint": "/app-logout",
    "logoutPage": "/"
  },
  "routes": [
    {
      "source": "^/resources/(.*)$",
      "target": "/resources/$1",
      "destination": "ui5",
      "localDir": ".",
      "cacheControl": "no-cache, no-store, must-revalidate",
      "authenticationType": "xsuaa"
    },
    {
      "source": "^/test-resources/(.*)$",
      "target": "/test-resources/$1",
      "authenticationType": "none",
      "destination": "ui5"
    },
    {
      "source": "^(.*)$",
      "target": "$1",
      "service": "html5-apps-repo-rt",
      "authenticationType": "xsuaa"
    }
  ]
}
